2,allen@example.com,Allen,Anderson,allenanderson,30,2016-05-09 19:16:08.969-07,2016-05-09 19:16:08.969-07
3,beatrice@example.com,Beatrice,Bonville,beatricebonville,31,2016-05-09 19:16:08.969-07,2016-05-09 19:16:08.969-07
4,collin@example.com,Collin,Clark,collinclark,32,2016-05-09 19:16:08.969-07,2016-05-09 19:16:08.969-07
5,denise@example.com,Denise,Denison,denisedenison,33,2016-05-09 19:16:08.969-07,2016-05-09 19:16:08.969-07
6,egbert@example.com,Egbert,Eckbert,egberteckbert,34,2016-05-09 19:16:08.969-07,2016-05-09 19:16:08.969-07
7,fiona@example.com,Fiona,Fillips,fionafillips,35,2016-05-09 19:16:08.969-07,2016-05-09 19:16:08.969-07
8,gilbert@example.com,Gilbert,Grape,gilbertgrape,36,2016-05-09 19:16:08.969-07,2016-05-09 19:16:08.969-07
9,holly@example.com,Holly,Hobby,hollyhobby,37,2016-05-09 19:16:08.969-07,2016-05-09 19:16:08.969-07
10,inje@example.com,Inje,Insane,injeinsane,38,2016-05-09 19:16:08.969-07,2016-05-09 19:16:08.969-07
11,jessica@example.com,Jessica,Joplin,jessicajoplin,39,2016-05-09 19:16:08.969-07,2016-05-09 19:16:08.969-07
12,kyle@example.com,Kyle,Chopra,kylechopra,40,2016-05-09 19:16:08.969-07,2016-05-09 19:16:08.969-07